Date,GDP_CVM,UK_CPI_Inflation,FTSE_All_Share_Index,BoE_Policy_Rate,Brent_Crude_Oil_Spot,Gold_Price_Spot,Trade_Weighted_GBP_Index,D_GFC,D_COVID,D_Nixon,Gbp_index
1980-02-29,96833.6904370159,19.11,263.809998,17.0,38.5,665.32,163.0,0.0,0.0,0.0,
1980-03-31,96112.07768160148,19.76,240.380005,17.0,38.25,553.58,163.32,0.0,0.0,0.0,121.67059730563221
1980-04-30,95267.39361513952,21.75,249.479996,17.0,38.15,517.41,164.97,0.0,0.0,0.0,121.90945982795002
1980-05-31,94783.92738716939,21.91,243.600006,17.0,38.5,513.8,165.29,0.0,0.0,0.0,123.1410947086512
1980-06-30,94661.67899769108,20.98,269.540009,17.0,38.0,600.72,165.3,0.0,0.0,0.0,123.37995723096898
1980-07-31,94900.64844670464,16.95,282.290009,16.0,37.4,643.27,166.52,0.0,0.0,0.0,123.38742168479149
1980-08-31,94885.40447392954,16.28,282.48999,16.0,33.6,627.15,168.93,0.0,0.0,0.0,124.29808505112808
1980-09-30,94615.9470793658,15.87,290.26001,16.0,33.4,673.63,170.5,0.0,0.0,0.0,126.09701842233405
1980-10-31,94092.27626301337,15.41,306.26001,16.0,37.9,661.15,173.68,0.0,0.0,0.0,127.26893767245579
1980-11-30,93766.15136166522,15.32,307.329987,14.0,40.85,624.77,177.05,0.0,0.0,0.0,129.64263398798894
1980-12-31,93637.57237532138,15.13,292.220001,14.0,40.15,538.26,176.16,0.0,0.0,0.0,132.15815492614834
1981-01-31,93706.53930398179,13.04,288.970001,14.0,40.3,557.39,181.75,0.0,0.0,0.0,131.49381853595193
1981-02-28,93758.12655816055,12.46,304.160004,14.0,38.7,499.76,181.51,0.0,0.0,0.0,135.6664482226911
1981-03-31,93792.33413785766,12.61,309.730011,12.0,38.35,499.11,176.58,0.0,0.0,0.0,135.48730133095273
1981-04-30,93809.16204307313,12.04,332.100006,12.0,37.19,495.8,176.15,0.0,0.0,0.0,131.80732559649405
1981-05-31,93995.24748707216,11.74,315.579987,12.0,35.19,479.7,176.39,0.0,0.0,0.0,131.48635408212957
1981-06-30,94350.59046985477,11.33,320.570007,12.0,33.25,461.09,171.38,0.0,0.0,0.0,131.66550097386784
1981-07-31,94875.19099142098,10.9,319.420013,12.0,35.06,409.07,166.52,0.0,0.0,0.0,127.92580960882971
1981-08-31,95209.1978782468,11.48,334.630005,12.69,35.8,410.16,165.03,0.0,0.0,0.0,124.29808505112808
1981-09-30,95352.61113033221,11.4,278.48999,14.0,35.91,443.75,159.02,0.0,0.0,0.0,123.18588143158576
1981-10-31,95305.43074767727,11.69,286.299988,15.13,36.54,437.76,158.58,0.0,0.0,0.0,118.69974468430453
1981-11-30,95268.06259125561,11.96,315.140015,14.56,37.12,413.37,161.49,0.0,0.0,0.0,118.3713087161175
1981-12-31,95240.50666106718,12.05,313.119995,14.38,36.7,410.09,163.1,0.0,0.0,0.0,120.54346477844511
1982-01-31,95222.76295711217,12.01,330.929993,13.88,35.85,384.14,163.74,0.0,0.0,0.0,121.74524184385648
1982-02-28,95370.0048132893,11.04,316.890015,13.63,31.62,374.13,164.66,0.0,0.0,0.0,122.22296688849217
1982-03-31,95682.23222959855,10.35,326.589996,13.25,29.3,330.25,163.58,0.0,0.0,0.0,122.90969664015587
1982-04-30,96159.44520604004,9.411362,328.089996,13.13,33.12,350.3,162.22,0.0,0.0,0.0,122.10353562733323
1982-05-31,96467.16454562038,9.486569,337.459991,13.13,35.18,333.71,161.97,0.0,0.0,0.0,121.08836990748262
1982-06-30,96605.3902483396,9.161595,322.790009,12.63,34.6,314.98,164.18,0.0,0.0,0.0,120.90175856192175
1982-07-31,96574.12231419768,8.717604,333.890015,11.63,33.7,338.97,164.59,0.0,0.0,0.0,122.55140285667912
1982-08-31,96598.71359501393,7.951888,343.290009,10.63,32.85,364.23,164.87,0.0,0.0,0.0,122.85744546339883
1982-09-30,96679.16409078834,7.275747,361.809998,10.13,34.25,437.31,165.35,0.0,0.0,0.0,123.06645017042688
1982-10-31,96815.47380152087,6.848864,369.670013,9.63,35.0,422.15,166.46,0.0,0.0,0.0,123.42474395390356
1982-11-30,97195.94587806336,6.25611,375.420013,10.0,33.8,414.89,161.68,0.0,0.0,0.0,124.25329832819344
1982-12-31,97820.58032041579,5.408031,382.220001,10.0,31.75,444.5,154.52,0.0,0.0,0.0,120.68528940107127
1983-01-31,98689.37712857818,4.92595,395.019989,11.0,30.85,481.29,148.9,0.0,0.0,0.0,115.34074046421037
1983-02-28,99280.29348418515,5.342774,399.350006,11.0,29.1,491.09,146.87,0.0,0.0,0.0,111.14571741600392
1983-03-31,99593.32938723666,4.626675,411.940002,10.56,28.2,419.7,143.81,0.0,0.0,0.0,109.6304332900503
1983-04-30,99628.48483773276,4.003754,439.290009,10.06,29.75,432.88,150.12,0.0,0.0,0.0,107.34631042038635
1983-05-31,99821.66007205719,3.695652,437.630005,10.06,29.6,438.01,154.06,0.0,0.0,0.0,112.05638078234058
1983-06-30,100172.85509021,3.654382,458.600006,9.56,30.2,412.84,154.96,0.0,0.0,0.0,114.99737558837852
1983-07-31,100682.06989219112,4.179566,445.649994,9.56,30.8,402.91,154.39,0.0,0.0,0.0,115.66917643239739
1983-08-31,101069.07117354307,4.611575,450.359985,9.56,31.1,416.2,155.19,0.0,0.0,0.0,115.24370256451877
1983-09-30,101333.85893426581,5.140911,445.529999,9.56,30.35,411.8,154.97,0.0,0.0,0.0,115.84085887031324
1983-10-31,101476.4331743594,4.992296,437.380005,9.06,29.85,393.6,152.46,0.0,0.0,0.0,115.67664088621981
1983-11-30,101745.0018536132,4.84514,461.869995,9.06,29.2,381.7,153.23,0.0,0.0,0.0,113.80306297678946
1983-12-31,102139.56497202732,5.3149,470.5,9.06,28.95,388.34,151.44,0.0,0.0,0.0,114.37782592111668
1984-01-31,102660.12252960165,5.124271,501.359985,9.06,29.56,370.89,151.02,0.0,0.0,0.0,113.04168868690145
1984-02-29,102786.170021794,5.102353,493.119995,9.06,29.88,385.96,150.89,0.0,0.0,0.0,112.72818162635936
1984-03-31,102517.70744860434,5.245502,524.200012,8.56,30.08,394.26,148.53,0.0,0.0,0.0,112.63114372666772
1984-04-30,101854.7348100327,5.172932,534.840027,8.56,30.13,381.37,146.97,0.0,0.0,0.0,110.86953262457395
1984-05-31,101520.94054286534,5.121294,477.209991,9.06,29.9,377.4,147.51,0.0,0.0,0.0,109.70507782827467
1984-06-30,101516.32464710208,5.13893,487.73999,8.88,29.2,377.7,146.35,0.0,0.0,0.0,110.10815833468598
1984-07-31,101840.88712274318,4.457652,474.829987,12.0,27.91,347.71,144.77,0.0,0.0,0.0,109.24228169128392
1984-08-31,102321.86239959604,4.970414,520.469971,10.5,28.11,347.7,145.09,0.0,0.0,0.0,108.0628979873397
1984-09-30,102959.25047766074,4.712813,535.859985,10.5,28.36,340.2,143.64,0.0,0.0,0.0,108.30176050965748
1984-10-31,103753.05135693718,4.989727,543.47998,10.5,27.81,341.0,141.02,0.0,0.0,0.0,107.21941470540494
1984-11-30,104310.96305905342,4.942966,560.26001,9.5,27.7,342.0,140.99,0.0,0.0,0.0,105.26372780392799
1984-12-31,104632.98558400938,4.57993,592.940002,9.5,26.98,319.54,138.52,0.0,0.0,0.0,105.24133444246063
1985-01-31,104719.11893180513,5.020432,613.690002,13.88,26.95,302.79,134.32,0.0,0.0,0.0,103.39761434832005
1985-02-28,105139.56306990018,5.395821,608.130005,13.88,28.2,299.1,134.44,0.0,0.0,0.0,100.26254374289886
1985-03-31,105894.31799829462,6.088751,616.210022,12.88,28.1,313.5,137.52,0.0,0.0,0.0,100.3521171887681
1985-04-30,106983.3837169883,6.949566,622.109985,12.38,27.9,326.8,144.86,0.0,0.0,0.0,102.651168966077
1985-05-31,107630.86235892052,7.003049,634.159973,12.38,26.65,316.0,146.16,0.0,0.0,0.0,108.13007807174161
1985-06-30,107836.75392409122,6.953605,595.539978,12.38,26.45,316.5,148.27,0.0,0.0,0.0,109.10045706865772
1985-07-31,107601.05841250045,6.85084,606.450012,11.38,26.6,317.2,153.36,0.0,0.0,0.0,110.6754568251907
1985-08-31,107439.34072522739,6.190601,646.26001,11.38,27.15,330.4,150.49,0.0,0.0,0.0,114.47486382080831
1985-09-30,107351.60086227205,5.870531,626.23999,11.38,27.15,323.35,149.82,0.0,0.0,0.0,112.33256557377048
1985-10-31,107337.83882363435,5.43997,670.640015,11.38,27.9,325.85,148.14,0.0,0.0,0.0,111.83244716766764
1985-11-30,107482.01919624915,5.446579,696.530029,11.38,29.05,321.5,147.51,0.0,0.0,0.0,110.57841892549915
1985-12-31,107784.1419801165,5.644866,681.880005,11.38,25.85,321.9,145.63,0.0,0.0,0.0,110.10815833468598
1986-01-31,108244.20717523641,5.482456,696.409973,12.38,25.75,347.48,141.34,0.0,0.0,0.0,108.70484101606885
1986-02-28,108668.0680925891,5.114254,750.830017,12.38,17.55,338.89,136.97,0.0,0.0,0.0,105.50259032624575
1986-03-31,109055.72473217455,4.202586,810.47998,11.38,13.85,345.7,137.4,0.0,0.0,0.0,102.24062400584324
1986-04-30,109407.17709399281,3.059072,816.400024,10.38,12.5,340.44,140.54,0.0,0.0,0.0,102.56159552020773
1986-05-31,109657.65736395272,2.731092,788.919983,9.88,14.2,342.4,140.53,0.0,0.0,0.0,104.9054340204512
1986-06-30,109807.16554205434,2.515723,815.700012,9.88,11.85,342.7,139.86,0.0,0.0,0.0,104.89796956662879
1986-07-31,109855.70162829761,2.415966,771.799988,9.88,9.45,348.34,136.57,0.0,0.0,0.0,104.39785116052592
1986-08-31,110217.55942863514,2.408377,817.059998,9.88,13.65,376.66,131.34,0.0,0.0,0.0,101.942045852946
1986-09-30,110892.73894306713,3.039832,768.789978,9.88,14.2,417.73,129.48,0.0,0.0,0.0,98.03813650381431
1986-10-31,111881.24017159335,3.033473,807.27002,10.88,13.8,423.51,124.58,0.0,0.0,0.0,96.64974809284207
1986-11-30,112559.18535002993,3.54536,815.340027,10.88,14.55,397.56,125.66,0.0,0.0,0.0,92.99216571985065
1986-12-31,112926.57447837676,3.75,832.799988,10.88,15.9,390.92,125.47,0.0,0.0,0.0,93.79832673267326
1987-01-31,112983.40755663399,3.950104,903.289978,10.88,18.4,408.26,125.46,0.0,0.0,0.0,93.6565021100471
1987-02-28,113198.56015872279,3.933748,983.119995,10.88,17.3,401.12,125.51,0.0,0.0,0.0,93.6490376562246
1987-03-31,113572.0322846432,4.033092,1000.03998,9.88,17.9,408.91,130.46,0.0,0.0,0.0,93.68635992533679
1987-04-30,114103.8239343952,4.19652,1023.58002,9.38,18.1,438.35,131.49,0.0,0.0,0.0,97.38126456744037
1987-05-31,114857.65389603679,4.192229,1097.29004,8.88,18.75,460.23,133.17,0.0,0.0,0.0,98.15010331115083
1987-06-30,115833.52216956798,4.192229,1153.12,8.88,18.85,449.59,131.89,0.0,0.0,0.0,99.40413155331926
1987-07-31,117031.4287549888,4.410256,1202.18994,8.88,19.8,450.52,132.02,0.0,0.0,0.0,98.44868146404801
1987-08-31,117898.58383510246,4.396728,1146.68994,9.88,18.95,461.15,131.44,0.0,0.0,0.0,98.54571936373965
1987-09-30,118434.98740990885,4.170906,1208.89001,9.88,18.35,460.38,132.6,0.0,0.0,0.0,98.11278104203859
1987-10-31,118640.63947940822,4.467005,887.330017,9.38,18.8,465.35,133.36,0.0,0.0,0.0,98.97865768544067
1987-11-30,119071.3228872269,4.128902,796.309998,8.88,17.8,467.57,135.79,0.0,0.0,0.0,99.54595617594548
1987-12-31,119727.03763336487,3.714859,870.219971,8.38,17.1,486.24,136.29,0.0,0.0,0.0,101.35981845479634
1988-01-31,120607.78371782223,3.3,915.840027,8.38,16.85,476.58,135.12,0.0,0.0,0.0,101.73304114591782
1988-02-29,121188.88245056987,3.107825,908.080017,8.88,15.75,442.07,134.29,0.0,0.0,0.0,100.85970004869344
1988-03-31,121470.33383160789,3.340723,896.75,8.38,14.75,443.61,138.26,0.0,0.0,0.0,100.2401503814316
1988-04-30,121452.1378609362,3.42073,928.190002,7.88,16.6,451.55,140.91,0.0,0.0,0.0,103.20353854893685
1988-05-31,121660.73547256617,3.751535,923.52002,7.38,16.4,451.07,141.28,0.0,0.0,0.0,105.18161881188122
1988-06-30,122096.12666649773,4.183834,963.01001,8.88,15.55,451.33,138.16,0.0,0.0,0.0,105.45780360331112
1988-07-31,122758.31144273108,4.286175,965.179993,10.38,14.9,437.63,137.38,0.0,0.0,0.0,103.12889401071251
1988-08-31,123298.62405474109,4.626928,911.169983,11.88,14.95,431.28,139.06,0.0,0.0,0.0,102.54666661256294
1988-09-30,123717.06450252782,4.750591,946.27002,11.88,13.3,413.46,137.39,0.0,0.0,0.0,103.8006948547314
1988-10-31,124013.6327860913,4.883745,965.539978,11.88,12.45,406.78,138.63,0.0,0.0,0.0,102.5541310663853
1988-11-30,124265.55026741374,5.01561,933.450012,12.88,13.0,420.17,139.72,0.0,0.0,0.0,103.47972334036679
1988-12-31,124472.81694649508,5.117271,926.590027,12.88,15.15,419.05,141.18,0.0,0.0,0.0,104.29334880701185
1989-01-31,124635.43282333552,5.7,1054.96997,12.88,17.0,404.01,141.45,0.0,0.0,0.0,105.38315906508683
1989-02-28,124852.51217504399,5.8,1042.59998,12.88,16.65,387.51,140.77,0.0,0.0,0.0,105.58469931829251
1989-03-31,125124.05500162051,5.9,1076.15002,12.88,18.7,390.15,138.9,0.0,0.0,0.0,105.07711645836714
1989-04-30,125450.06130306501,5.6,1090.04004,12.88,19.75,384.4,138.14,0.0,0.0,0.0,103.6812635935725
1989-05-31,125681.76690112738,5.9,1091.06006,13.75,18.35,371.05,136.39,0.0,0.0,0.0,103.11396510306767
1989-06-30,125819.17179580762,5.8,1101.68005,13.75,17.5,367.6,132.44,0.0,0.0,0.0,101.80768568414219
1989-07-31,125862.27598710584,5.7,1173.25,13.75,17.75,375.04,133.91,0.0,0.0,0.0,98.85922642428183
1989-08-31,125869.59504460101,5.5,1207.44995,13.84,17.1,365.14,133.08,0.0,0.0,0.0,99.95650113617916
1989-09-30,125841.1289682931,5.7,1169.55005,13.75,17.8,361.75,132.59,0.0,0.0,0.0,99.33695146891743
1989-10-31,125776.87775818212,5.8,1080.79004,14.88,19.0,366.88,130.45,0.0,0.0,0.0,98.97119323161827
1989-11-30,125805.15663701778,5.7,1138.67004,14.88,19.15,394.26,128.01,0.0,0.0,0.0,97.37380011361792
1989-12-31,125925.96560480006,5.8,1204.69995,14.88,19.85,409.39,126.25,0.0,0.0,0.0,95.55247338094462
1990-01-31,126139.30466152901,5.9,1167.15002,14.88,20.95,410.11,128.08,0.0,0.0,0.0,94.23872950819674
1990-02-28,126452.66092956447,6.3,1122.26001,14.88,19.9,416.81,130.46,0.0,0.0,0.0,95.60472455770173
1990-03-31,126866.03440890647,6.2,1114.93994,14.88,18.45,393.06,126.98,0.0,0.0,0.0,97.38126456744037
1990-04-30,127379.42509955507,7.7,1043.16003,14.88,16.75,374.24,127.2,0.0,0.0,0.0,94.78363463723424
1990-05-31,127472.45394755094,8.2,1154.23999,14.88,16.7,369.05,128.66,0.0,0.0,0.0,94.94785262132773
1990-06-30,127145.12095289404,8.2,1171.28003,14.88,15.7,352.33,131.68,0.0,0.0,0.0,96.03766287940267
1990-07-31,126397.42611558449,8.2,1147.05005,14.88,17.55,362.53,135.8,0.0,0.0,0.0,98.29192793377698
1990-08-31,125870.18281956876,8.9,1051.07996,14.88,27.05,394.73,138.36,0.0,0.0,0.0,101.36728290861875
1990-09-30,125563.39106484677,9.2,962.179993,14.88,34.1,389.32,136.41,0.0,0.0,0.0,103.27818308716118
1990-10-31,125477.0508514187,9.2,992.669983,13.88,36.05,380.74,137.62,0.0,0.0,0.0,101.82261459178706
1990-11-30,125326.67765949765,9.2,1032.10999,13.88,33.0,381.73,136.95,0.0,0.0,0.0,102.72581350430123
1990-12-31,125112.27148908359,9.2,1032.25,13.88,28.0,376.95,135.74,0.0,0.0,0.0,102.22569509819832
1991-01-31,124833.83234017662,8.6,1036.23999,13.88,23.65,383.64,136.84,0.0,0.0,0.0,101.32249618568416
1991-02-28,124653.84829781733,8.2,1150.01001,12.88,19.4,363.83,136.94,0.0,0.0,0.0,102.14358610615157
1991-03-31,124572.3193620059,8.3,1193.32996,12.38,19.45,363.34,135.15,0.0,0.0,0.0,102.21823064437594
1991-04-30,124589.24553274212,8.0,1202.75,11.88,19.25,358.38,134.34,0.0,0.0,0.0,100.88209341016068
1991-05-31,124553.54292586961,7.5,1201.84998,11.38,19.3,356.95,133.51,0.0,0.0,0.0,100.27747265054373
1991-06-30,124465.21154138833,7.7,1161.18994,11.38,18.2,366.72,131.3,0.0,0.0,0.0,99.6579229832819
1991-07-31,124324.25137929837,7.5,1235.89001,10.88,19.45,367.69,131.44,0.0,0.0,0.0,98.00827868852464
1991-08-31,124265.32280430211,7.5,1268.62,10.88,19.75,356.31,131.92,0.0,0.0,0.0,98.11278104203859
1991-09-30,124288.4258163995,6.9,1265.95996,10.38,20.5,348.74,132.45,0.0,0.0,0.0,98.47107482551534
1991-10-31,124393.56041559063,6.5,1238.63,10.38,22.2,358.69,131.7,0.0,0.0,0.0,98.86669087810418
1991-11-30,124463.92375369548,6.5,1168.94995,10.38,21.25,360.17,132.34,0.0,0.0,0.0,98.30685684142188
1991-12-31,124499.51583071394,6.5,1187.69995,10.38,18.4,361.73,132.53,0.0,0.0,0.0,98.78458188605745
1992-01-31,124500.33664664619,6.2,1227.83997,10.38,18.15,354.45,131.9,0.0,0.0,0.0,98.92640650868363
1992-02-29,124454.53936564457,6.3,1229.83997,10.38,18.1,353.91,131.89,0.0,0.0,0.0,98.45614591787046
1992-03-31,124362.12398770908,6.2,1171.70996,10.38,17.6,344.34,130.84,0.0,0.0,0.0,98.44868146404801
1992-04-30,124223.09051283961,5.2,1282.75,10.38,18.95,338.62,132.48,0.0,0.0,0.0,97.66491381269279
1992-05-31,124208.76425949253,5.1,1311.79004,9.88,19.9,337.24,134.46,0.0,0.0,0.0,98.88908423957149
1992-06-30,124319.1452276678,4.6,1216.62,9.88,21.15,340.81,134.57,0.0,0.0,0.0,100.36704609641296
1992-07-31,124554.23341736551,4.5,1143.14001,9.88,20.25,352.72,134.28,0.0,0.0,0.0,100.44915508845963
1992-08-31,124831.5804017658,3.7,1096.98999,9.88,19.75,343.06,133.72,0.0,0.0,0.0,100.23268592760915
1992-09-30,125151.18618086864,3.7,1206.16003,8.88,20.25,345.43,128.13,0.0,0.0,0.0,99.81467651355302
1992-10-31,125513.05075467397,3.5,1256.67004,7.88,20.3,344.38,118.12,0.0,0.0,0.0,95.64204682681383
1992-11-30,125823.2288321198,3.3,1313.02002,6.88,19.2,335.02,114.78,0.0,0.0,0.0,88.17012855056
1992-12-31,126081.72041320612,3.2,1363.79004,6.88,18.15,334.82,117.09,0.0,0.0,0.0,85.67700097386788
1993-01-31,126288.52549793293,3.0,1364.32996,5.88,17.4,329.01,117.69,0.0,0.0,0.0,87.40128980684953
1993-02-28,126466.33264566497,3.1,1381.52002,5.88,18.45,329.31,111.95,0.0,0.0,0.0,87.84915703619542
1993-03-31,126615.14185640213,3.2,1408.06995,5.88,18.75,330.08,113.68,0.0,0.0,0.0,83.56456054211984
1993-04-30,126734.95313014451,2.6,1388.88,5.88,18.65,342.15,117.08,0.0,0.0,0.0,84.85591105340042
1993-05-31,126974.94110097166,2.3,1403.42004,5.88,18.5,367.18,117.26,0.0,0.0,0.0,87.39382535302714
1993-06-30,127335.10576888366,2.2,1432.31006,5.88,17.65,371.89,116.25,0.0,0.0,0.0,87.5281855218309
1993-07-31,127815.44713388037,2.3,1448.78003,5.88,16.8,392.19,118.47,0.0,0.0,0.0,86.77427568576533
1993-08-31,128204.94712471933,2.6,1537.20996,5.88,16.7,378.84,118.12,0.0,0.0,0.0,88.43138443434506
1993-09-30,128503.60574140036,2.7,1506.55005,5.88,16.0,355.28,117.79,0.0,0.0,0.0,88.17012855056
1993-10-31,128711.4229839237,2.4,1565.37,5.88,16.6,364.18,117.23,0.0,0.0,0.0,87.92380157441973
1993-11-30,129015.56005661168,2.1,1556.44995,5.38,15.15,373.83,117.97,0.0,0.0,0.0,87.50579216036355
1993-12-31,129416.01695946445,2.3,1682.14001,5.38,13.6,383.3,118.91,0.0,0.0,0.0,88.05816174322351
1994-01-31,129912.79369248179,2.6,1745.94995,5.38,14.25,386.88,120.0,0.0,0.0,0.0,88.7598204025321
1994-02-28,130358.89260637481,2.4,1675.48999,5.13,13.8,381.91,118.07,0.0,0.0,0.0,89.57344586917708
1994-03-31,130754.31370114346,2.2,1561.96997,5.13,13.95,384.13,117.35,0.0,0.0,0.0,88.13280628144783
1994-04-30,131099.05697678786,2.4,1580.43994,5.13,15.15,377.27,116.67,0.0,0.0,0.0,87.59536560623275
1994-05-31,131507.9500631081,2.4,1501.21997,5.13,16.2,381.43,116.57,0.0,0.0,0.0,87.08778274630747
1994-06-30,131980.99296010408,2.3,1463.34998,5.13,16.75,385.64,116.87,0.0,0.0,0.0,87.01313820808309
1994-07-31,132518.18566777598,2.1,1545.73999,5.13,17.6,385.49,115.53,0.0,0.0,0.0,87.23707182275602
1994-08-31,132905.344593862,2.2,1626.64001,5.13,16.8,380.36,115.25,0.0,0.0,0.0,86.23683501055021
1994-09-30,133142.46973836207,1.9,1510.96997,5.63,15.9,391.58,115.78,0.0,0.0,0.0,86.02783030352215
1994-10-31,133229.5611012763,1.8,1536.31006,5.63,16.4,389.77,117.14,0.0,0.0,0.0,86.423446356111
1994-11-30,133398.91311604762,2.1,1528.12,5.63,17.2,384.39,116.99,0.0,0.0,0.0,87.43861207596173
1994-12-31,133650.525782676,2.2,1521.43994,6.13,15.96,379.29,116.74,0.0,0.0,0.0,87.32664526862521
1995-01-31,133984.39910116143,2.4,1480.56006,6.13,16.63,378.55,116.24,0.0,0.0,0.0,87.14003392306448
1995-02-28,134177.0681049117,2.3,1487.0,6.63,17.08,376.64,114.84,0.0,0.0,0.0,86.7668112319429
1995-03-31,134228.5327939268,2.4,1538.64001,6.63,17.01,382.12,112.52,0.0,0.0,0.0,85.7217876968025
1995-04-30,134138.79316820673,2.3,1578.67004,6.63,18.67,391.03,110.88,0.0,0.0,0.0,83.99003440999842
1995-05-31,134327.01338562166,2.6,1632.56006,6.63,18.38,385.22,110.62,0.0,0.0,0.0,82.76586398311963
1995-06-30,134793.19344617162,2.7,1623.51001,6.63,17.35,387.56,110.56,0.0,0.0,0.0,82.57178818373642
1995-07-31,135537.33334985658,2.8,1703.02002,6.63,15.86,386.23,110.12,0.0,0.0,0.0,82.52700146080184
1995-08-31,136019.1183133854,2.7,1719.43994,6.63,16.07,383.67,111.32,0.0,0.0,0.0,82.19856549261486
1995-09-30,136238.54833675805,3.0,1733.72998,6.63,16.78,383.06,111.9,0.0,0.0,0.0,83.09429995130661
1995-10-31,136195.62341997455,3.0,1734.14001,6.63,16.12,383.14,111.27,0.0,0.0,0.0,83.52723827300768
1995-11-30,136321.1746257978,2.9,1788.59998,6.63,16.88,385.31,110.14,0.0,0.0,0.0,83.05697768219443
1995-12-31,136615.2019542277,3.1,1803.08997,6.38,17.96,387.44,109.59,0.0,0.0,0.0,82.21349440025972
1996-01-31,137077.7054052644,2.9,1841.95996,6.13,17.94,399.45,110.03,0.0,0.0,0.0,81.80294944002597
1996-02-29,137390.5522140753,3.0,1840.77002,6.13,17.97,404.76,110.7,0.0,0.0,0.0,82.13138540821298
1996-03-31,137553.7423806603,3.0,1843.43994,5.94,19.99,396.21,110.34,0.0,0.0,0.0,82.63150381431586
1996-04-30,137567.27590501952,2.8,1914.60999,5.94,21.01,392.85,110.55,0.0,0.0,0.0,82.3627834767083
1996-05-31,137726.4523573446,2.8,1885.78003,5.94,19.12,391.93,111.57,0.0,0.0,0.0,82.51953700697938
1996-06-30,138031.2717376357,2.8,1856.32996,5.69,18.27,385.27,113.38,0.0,0.0,0.0,83.28091129686743
1996-07-31,138481.7340458925,2.7,1835.43994,5.69,19.61,383.47,113.27,0.0,0.0,0.0,84.63197743872746
1996-08-31,138987.79908853734,2.7,1915.97998,5.69,20.58,387.35,112.09,0.0,0.0,0.0,84.54986844668075
1996-09-30,139549.4668655702,2.7,1945.0,5.69,22.59,383.14,113.78,0.0,0.0,0.0,83.66906289563383
1996-10-31,140166.7373769912,3.0,1956.90002,5.94,24.18,381.07,116.52,0.0,0.0,0.0,84.93055559162477
1996-11-30,140855.75197210305,3.1,1985.17004,5.94,22.64,377.85,121.12,0.0,0.0,0.0,86.97581593897098
1996-12-31,141616.5106509058,2.8,2013.66003,5.94,23.9,369.0,123.22,0.0,0.0,0.0,90.40946469728938
1997-01-31,142449.01341339946,2.6,2087.61011,5.94,23.47,355.11,91.977,0.0,0.0,0.0,91.977
1997-02-28,143174.87904397325,2.4,2107.86011,5.94,20.83,346.58,92.9298,0.0,0.0,0.0,92.9298
1997-03-31,143794.10754262726,2.2,2099.69995,5.94,19.21,351.81,92.811,0.0,0.0,0.0,92.81099999999996
1997-04-30,144306.6989093614,2.1,2135.31006,5.94,17.47,344.47,94.6524,0.0,0.0,0.0,94.65239999999996
1997-05-31,144754.5725690239,2.1,2200.90991,6.25,19.14,343.84,94.3993,0.0,0.0,0.0,94.3993
1997-06-30,145137.72852161474,2.1,2184.52002,6.5,17.55,340.76,95.5668,0.0,0.0,0.0,95.56680000000001
1997-07-31,145456.16676713398,2.4,2295.17993,6.75,18.4,324.1,99.1108,0.0,0.0,0.0,99.11079999999998
1997-08-31,145968.65125316332,2.3,2276.71997,7.0,18.71,324.01,97.0244,0.0,0.0,0.0,97.02439999999997
1997-09-30,146675.1819797027,2.2,2455.02002,7.0,18.45,322.82,95.359,0.0,0.0,0.0,95.35899999999997
1997-10-31,147575.75894675223,2.2,2293.87012,7.0,19.85,324.87,96.3607,0.0,0.0,0.0,96.36070000000002
1997-11-30,148254.08397845042,2.1,2288.63989,7.25,19.0,306.04,99.1779,0.0,0.0,0.0,99.1779
1997-12-31,148710.15707479732,1.9,2411.0,7.25,17.0,288.74,99.5889,0.0,0.0,0.0,99.58890000000001
1998-01-31,148943.9782357928,1.8,2536.67993,7.25,15.09,289.1,100.1186,0.0,0.0,0.0,100.11860000000001
1998-02-28,149222.4498491971,1.8,2683.3999,7.25,14.06,297.49,99.838,0.0,0.0,0.0,99.83799999999998
1998-03-31,149545.5719150101,1.9,2781.65991,7.25,13.08,295.94,101.5267,0.0,0.0,0.0,101.52669999999999
1998-04-30,149913.34443323192,2.1,2788.98999,7.25,13.39,308.29,101.7932,0.0,0.0,0.0,101.79320000000001
1998-05-31,150143.27923786343,2.2,2802.17993,7.25,14.39,299.1,98.6985,0.0,0.0,0.0,98.69850000000002
1998-06-30,150235.3763289046,1.9,2743.45996,7.5,12.06,292.32,100.6528,0.0,0.0,0.0,100.65280000000003
1998-07-31,150189.63570635548,1.7,2734.71997,7.5,12.01,292.87,100.5671,0.0,0.0,0.0,100.56709999999995
1998-08-31,150287.22377095156,1.6,2440.84009,7.5,11.88,284.11,100.0982,0.0,0.0,0.0,100.0982
1998-09-30,150528.1405226929,1.7,2344.82007,7.5,13.36,288.98,99.4485,0.0,0.0,0.0,99.44850000000002
1998-10-31,150912.38596157948,1.6,2504.8501,7.25,12.56,295.93,97.2314,0.0,0.0,0.0,97.2314
1998-11-30,151308.40785011655,1.7,2626.86011,6.75,10.92,294.12,97.0023,0.0,0.0,0.0,97.00229999999998
1998-12-31,151716.20618830403,1.9,2673.91992,6.25,9.8,291.68,96.9554,0.0,0.0,0.0,96.95540000000003
1999-01-31,152135.78097614204,2.0,2695.93994,6.0,11.06,287.08,96.056,0.0,0.0,0.0,96.05600000000001
1999-02-28,152399.83894099496,1.9,2825.38989,5.5,10.2,287.33,96.8805,0.0,0.0,0.0,96.88049999999998
1999-03-31,152508.3800828629,2.1,2894.79004,5.5,12.47,285.96,98.5195,0.0,0.0,0.0,98.51950000000001
1999-04-30,152461.40440174565,2.0,3028.3999,5.25,15.3,282.62,98.5428,0.0,0.0,0.0,98.54279999999997
1999-05-31,152781.10718015712,1.7,2889.6499,5.25,15.14,276.44,99.3302,0.0,0.0,0.0,99.33020000000003
1999-06-30,153467.48841809723,1.8,2946.16992,5.0,15.77,261.31,99.3028,0.0,0.0,0.0,99.30280000000005
1999-07-31,154520.54811556602,1.7,2925.13989,5.0,19.01,256.08,98.12,0.0,0.0,0.0,98.11999999999999
1999-08-31,155490.1519532587,1.6,2939.11011,5.0,20.22,256.69,98.36,0.0,0.0,0.0,98.36000000000001
1999-09-30,156376.29993117534,1.6,2826.11011,5.25,22.4,264.74,99.5335,0.0,0.0,0.0,99.53350000000003
1999-10-31,157178.99204931592,1.5,2904.37988,5.25,21.95,310.72,100.3909,0.0,0.0,0.0,100.39089999999996
1999-11-30,157968.42104186412,1.5,3086.8999,5.5,24.59,293.18,100.3024,0.0,0.0,0.0,100.30240000000003
1999-12-31,158744.58690882,1.5,3242.06006,5.5,25.59,283.07,100.9193,0.0,0.0,0.0,100.91930000000002
2000-01-31,159507.48965018362,1.2,2975.87012,5.75,25.38,284.32,102.5163,0.0,0.0,0.0,102.51630000000002
2000-02-29,160120.59809788677,1.2,2989.42993,6.0,27.7,299.86,102.1478,0.0,0.0,0.0,102.14779999999999
2000-03-31,160583.91225192955,1.0,3110.56006,6.0,27.47,286.39,101.9463,0.0,0.0,0.0,101.94629999999998
2000-04-30,160897.43211231186,0.9,3001.91992,6.0,22.54,279.69,103.3007,0.0,0.0,0.0,103.30069999999998
2000-05-31,161220.7379931736,1.0,3017.22998,6.0,27.34,275.19,101.3378,0.0,0.0,0.0,101.33780000000004
2000-06-30,161553.82989451467,1.2,3029.73999,6.0,29.68,285.73,98.3084,0.0,0.0,0.0,98.30840000000003
2000-07-31,161896.70781633526,1.2,3062.40991,6.0,28.53,281.59,99.0767,0.0,0.0,0.0,99.0767
2000-08-31,162214.146434539,1.0,3207.98999,6.0,29.43,274.47,100.188,0.0,0.0,0.0,100.18800000000005
2000-09-30,162506.14574912578,1.3,3029.36011,6.0,32.62,273.68,98.7465,0.0,0.0,0.0,98.74650000000003
2000-10-31,162772.70576009573,1.4,3078.20996,6.0,30.93,270.0,101.3391,0.0,0.0,0.0,101.3391
2000-11-30,163136.3164427664,1.5,2945.06006,6.0,32.52,266.01,99.6623,0.0,0.0,0.0,99.66229999999997
2000-12-31,163596.97779713784,1.2,2983.81006,6.0,25.13,271.45,99.4118,0.0,0.0,0.0,99.41179999999996
2001-01-31,164154.6898232098,1.2,3030.05005,6.0,25.64,265.49,98.2362,0.0,0.0,0.0,98.23619999999998
2001-02-28,164571.85046232044,1.2,2868.0,5.75,27.41,261.87,97.7179,0.0,0.0,0.0,97.71789999999997
2001-03-31,164848.45971446967,1.3,2711.3999,5.75,24.4,263.03,98.4528,0.0,0.0,0.0,98.45279999999997
2001-04-30,164984.51757965764,1.5,2869.04004,5.5,25.64,260.48,99.074,0.0,0.0,0.0,99.07400000000003
2001-05-31,165180.64386121137,1.9,2811.21997,5.25,28.45,272.36,99.3906,0.0,0.0,0.0,99.39059999999998
2001-06-30,165436.83855913093,1.9,2728.12012,5.25,27.72,270.23,99.2172,0.0,0.0,0.0,99.21719999999999
2001-07-31,165753.10167341624,1.7,2663.8999,5.25,24.54,267.53,99.7551,0.0,0.0,0.0,99.75510000000003
2001-08-31,166001.84119692544,2.1,2590.19995,5.0,25.7,272.39,98.4283,0.0,0.0,0.0,98.4283
2001-09-30,166183.05712965832,1.7,2340.5,4.75,25.54,283.42,99.5949,0.0,0.0,0.0,99.59490000000004
2001-10-31,166296.74947161519,1.6,2413.5,4.5,20.48,283.06,99.3536,0.0,0.0,0.0,99.35359999999999
2001-11-30,166422.11045339293,1.2,2514.1001,4.0,18.94,276.16,99.4505,0.0,0.0,0.0,99.45049999999999
2001-12-31,166559.14007499177,1.4,2523.8999,4.0,18.6,275.85,100.0899,0.0,0.0,0.0,100.08990000000003
2002-01-31,166707.8383364114,1.8,2496.0,4.0,19.49,281.51,100.26,0.0,0.0,0.0,100.25999999999996
2002-02-28,166912.63414945776,1.7,2467.0,4.0,20.29,295.5,100.4838,0.0,0.0,0.0,100.48380000000002
2002-03-31,167173.52751413087,1.7,2557.3999,4.0,23.69,294.06,99.7945,0.0,0.0,0.0,99.7945
2002-04-30,167490.51843043056,1.6,2512.0,4.0,25.65,302.68,100.5217,0.0,0.0,0.0,100.52169999999995
2002-05-31,167810.12733668264,1.2,2475.6001,4.0,25.39,314.49,99.1553,0.0,0.0,0.0,99.15530000000003
2002-06-30,168132.35423288695,1.1,2263.1001,4.0,24.13,321.18,98.0057,0.0,0.0,0.0,98.0057
2002-07-31,168457.19911904374,1.4,2050.80005,4.0,25.77,313.29,100.1562,0.0,0.0,0.0,100.15620000000001
2002-08-31,168792.01100130007,1.3,2046.19995,4.0,26.63,310.26,100.0907,0.0,0.0,0.0,100.09069999999996
2002-09-30,169136.78987965608,1.2,1801.5,4.0,28.34,319.14,101.2329,0.0,0.0,0.0,101.2329
2002-10-31,169491.5357541115,1.5,1938.69995,4.0,27.55,316.56,101.4447,0.0,0.0,0.0,101.44470000000004
2002-11-30,169893.57040714173,1.6,2003.0,4.0,24.18,319.07,100.8857,0.0,0.0,0.0,100.8857
2002-12-31,170342.8938387467,1.7,1893.69995,4.0,28.52,331.92,100.6652,0.0,0.0,0.0,100.66520000000003
2003-01-31,170839.50604892636,1.4,1722.30005,4.0,31.25,356.86,99.8966,0.0,0.0,0.0,99.8966
2003-02-28,171341.7795647765,1.6,1759.09998,3.75,32.65,358.97,98.4726,0.0,0.0,0.0,98.47259999999999
2003-03-31,171849.71438629716,1.6,1735.69995,3.75,30.34,340.55,96.8021,0.0,0.0,0.0,96.80209999999998
2003-04-30,172363.31051348828,1.5,1891.5,3.75,25.02,328.18,95.9557,0.0,0.0,0.0,95.95569999999998
2003-05-31,172919.72666016984,1.3,1968.80005,3.75,25.81,355.68,94.8862,0.0,0.0,0.0,94.88620000000002
2003-06-30,173518.96282634189,1.2,1971.30005,3.75,27.55,356.35,96.6136,0.0,0.0,0.0,96.61359999999999
2003-07-31,174161.01901200434,1.3,2045.80005,3.5,28.4,351.02,95.9155,0.0,0.0,0.0,95.91549999999995
2003-08-31,174754.01879941672,1.4,2064.69995,3.5,29.83,359.77,95.2462,0.0,0.0,0.0,95.24619999999999
2003-09-30,175297.9621885789,1.3,2027.69995,3.5,27.1,378.95,95.5651,0.0,0.0,0.0,95.5651
2003-10-31,175792.84917949102,1.3,2125.3999,3.5,29.59,378.92,96.7185,0.0,0.0,0.0,96.71850000000005
2003-11-30,176151.93404260077,1.3,2146.69995,3.75,28.77,389.91,97.317,0.0,0.0,0.0,97.317
2003-12-31,176375.2167779082,1.3,2207.3999,3.75,29.93,406.95,97.8697,0.0,0.0,0.0,97.8697
2004-01-31,176462.69738541328,1.5,2187.1001,3.75,31.18,413.79,100.1608,0.0,0.0,0.0,100.16079999999998
2004-02-29,176636.54449822966,1.4,2243.3999,4.0,30.87,404.88,102.5025,0.0,0.0,0.0,102.50250000000001
2004-03-31,176896.75811635714,1.2,2197.0,4.0,33.8,406.67,102.1884,0.0,0.0,0.0,102.18840000000003
2004-04-30,177243.33823979602,1.1,2237.30005,4.0,33.36,403.26,102.137,0.0,0.0,0.0,102.13699999999996
2004-05-31,177533.22959080868,1.4,2201.80005,4.25,37.92,383.78,101.7871,0.0,0.0,0.0,101.78710000000004
2004-06-30,177766.4321693953,1.5,2228.69995,4.5,35.19,392.37,103.059,0.0,0.0,0.0,103.05899999999995
2004-07-31,177942.9459755557,1.4,2192.21997,4.5,38.37,398.09,103.1662,0.0,0.0,0.0,103.1662
2004-08-31,178141.61494542906,1.4,2214.18994,4.75,43.03,400.51,102.4289,0.0,0.0,0.0,102.4289
2004-09-30,178362.4390790153,1.2,2271.66992,4.75,43.38,405.28,100.7156,0.0,0.0,0.0,100.7156
2004-10-31,178605.4183763145,1.3,2297.65991,4.75,49.82,420.46,99.8303,0.0,0.0,0.0,99.83029999999998
2004-11-30,178933.59941840344,1.5,2345.20996,4.75,43.05,439.38,99.7587,0.0,0.0,0.0,99.75869999999999
2004-12-31,179346.98220528202,1.8,2410.75,4.75,39.64,442.08,101.2974,0.0,0.0,0.0,101.29739999999997
2005-01-31,179845.56673695028,1.7,2441.21997,4.75,44.28,424.03,100.0,0.0,0.0,0.0,100.00000000000004
2005-02-28,180343.03781715466,1.7,2495.45996,4.75,45.56,423.35,100.9792,0.0,0.0,0.0,100.97920000000002
2005-03-31,180839.39544589503,2.0,2457.72998,4.75,53.08,433.85,101.0634,0.0,0.0,0.0,101.0634
2005-04-30,181334.63962317162,1.9,2397.05005,4.75,51.86,429.23,102.0108,0.0,0.0,0.0,102.01080000000002
2005-05-31,181839.97095011204,1.9,2483.3501,4.75,48.67,421.87,100.9896,0.0,0.0,0.0,100.98960000000002
2005-06-30,182355.38942671628,2.0,2560.16992,4.75,54.31,430.66,101.7515,0.0,0.0,0.0,101.75149999999996
2005-07-31,182880.89505298433,2.3,2644.75,4.75,57.58,424.48,98.8169,0.0,0.0,0.0,98.81690000000005
2005-08-31,183489.60016981311,2.4,2659.20996,4.5,64.09,437.93,99.7011,0.0,0.0,0.0,99.7011
2005-09-30,184181.5047772026,2.5,2745.79004,4.5,62.98,456.05,100.6456,0.0,0.0,0.0,100.6456
2005-10-31,184956.60887515292,2.4,2664.3999,4.5,58.52,469.9,99.6486,0.0,0.0,0.0,99.64859999999997
2005-11-30,185510.67824327576,2.2,2741.05005,4.5,55.54,476.67,99.4195,0.0,0.0,0.0,99.41949999999997
2005-12-31,185843.7128815712,2.1,2847.02002,4.5,56.75,510.1,99.507,0.0,0.0,0.0,99.50700000000003
2006-01-31,185955.71279003925,2.2,2928.56006,4.5,63.57,549.86,99.0583,0.0,0.0,0.0,99.05829999999999
2006-02-28,186095.42817462684,2.2,2956.12012,4.5,59.92,555.0,98.9168,0.0,0.0,0.0,98.9168
2006-03-31,186262.85903533394,2.0,3047.95996,4.5,62.25,557.09,98.3583,0.0,0.0,0.0,98.35829999999997
2006-04-30,186458.00537216067,2.2,3074.26001,4.5,70.44,610.65,98.3764,0.0,0.0,0.0,98.37640000000003
2006-05-31,186612.03792724689,2.4,2916.8501,4.5,70.19,675.39,101.2654,0.0,0.0,0.0,101.26539999999997
2006-06-30,186724.95670059242,2.6,2967.58008,4.5,68.86,596.15,100.9566,0.0,0.0,0.0,100.95659999999995
2006-07-31,186796.76169219744,2.5,3004.28003,4.5,73.9,633.71,100.9425,0.0,0.0,0.0,100.94249999999998
2006-08-31,186885.8916709506,2.6,3007.51001,4.75,73.61,632.59,102.9585,0.0,0.0,0.0,102.95849999999996
2006-09-30,186992.34663685193,2.5,3050.43994,4.75,62.77,598.19,103.0143,0.0,0.0,0.0,103.0143
2006-10-31,187116.12658990145,2.5,3140.46997,4.75,58.38,585.78,103.1454,0.0,0.0,0.0,103.14540000000001
2006-11-30,187477.22663573775,2.8,3119.8501,5.0,58.48,627.83,103.4687,0.0,0.0,0.0,103.46869999999997
2006-12-31,188075.64677436076,2.9,3221.41992,5.0,62.31,629.79,104.5347,0.0,0.0,0.0,104.53470000000004
2007-01-31,188911.38700577058,2.7,3211.84009,5.25,54.3,631.17,105.5742,0.0,0.0,0.0,105.57420000000002
2007-02-28,189648.0318092951,2.7,3198.28003,5.25,57.76,664.75,105.0314,0.0,0.0,0.0,105.03140000000005
2007-03-31,190285.58118493433,2.9,3283.20996,5.25,62.14,654.9,103.5672,0.0,0.0,0.0,103.56719999999999
2007-04-30,190824.03513268832,2.7,3355.6001,5.25,67.4,679.37,104.2757,0.0,0.0,0.0,104.27570000000003
2007-05-31,191389.12227011065,2.5,3438.69995,5.5,67.48,667.31,103.9116,0.0,0.0,0.0,103.91160000000005
2007-06-30,191980.84259720118,2.5,3404.13989,5.5,71.32,655.66,104.5064,0.0,0.0,0.0,104.50640000000001
2007-07-31,192599.19611396024,2.0,3289.12012,5.75,77.2,665.38,105.2358,0.0,0.0,0.0,105.23579999999995
2007-08-31,193205.63740767978,2.0,3260.47998,5.75,70.8,665.41,104.5358,0.0,0.0,0.0,104.53579999999995
2007-09-30,193800.16647835996,2.0,3316.88989,5.75,77.13,712.65,103.3043,0.0,0.0,0.0,103.3043
2007-10-31,194382.78332600056,2.3,3454.12012,5.75,82.86,754.6,102.8115,0.0,0.0,0.0,102.81149999999997
2007-11-30,194867.35004341032,2.2,3280.87012,5.75,92.53,806.25,101.8979,0.0,0.0,0.0,101.89789999999999
2007-12-31,195253.86663058912,2.3,3286.66992,5.5,91.45,803.2,99.9431,0.0,0.0,0.0,99.94310000000002
2008-01-31,195542.33308753712,2.4,3000.1001,5.5,91.92,889.6,96.6526,0.0,0.0,0.0,96.65259999999999
2008-02-29,195630.1998861213,2.6,3013.02002,5.25,94.82,922.3,96.1707,0.0,0.0,0.0,96.17069999999997
2008-03-31,195517.4670263416,2.6,2927.05005,5.25,103.28,968.43,94.7938,0.0,0.0,0.0,94.79380000000003
2008-04-30,195204.13450819816,3.0,3099.93994,5.0,110.19,909.71,93.0102,0.0,0.0,0.0,93.01019999999997
2008-05-31,194607.95049751367,3.3,3082.26001,5.0,123.94,888.66,93.0109,0.0,0.0,0.0,93.0109
2008-06-30,193728.91499428818,3.7,2855.68994,5.0,133.05,889.49,93.1301,0.0,0.0,0.0,93.1301
2008-07-31,192567.02799852163,4.2,2749.20996,5.0,133.87,939.77,93.2519,1.0,0.0,0.0,93.25189999999999
2008-08-31,191341.5352506888,4.4,2868.68994,5.0,113.85,839.03,91.6756,1.0,0.0,0.0,91.67560000000003
2008-09-30,190052.43675078955,4.8,2483.66992,5.0,99.06,829.93,90.0276,1.0,0.0,0.0,90.02760000000005
2008-10-31,188699.7324988241,4.2,2183.68994,4.5,72.84,806.62,89.6325,1.0,0.0,0.0,89.6325
2008-11-30,187290.75706171466,3.8,2133.98999,3.0,53.24,760.86,83.8163,1.0,0.0,0.0,83.81629999999998
2008-12-31,185825.5104394613,3.0,2209.29004,2.0,41.58,816.09,78.4573,1.0,0.0,0.0,78.4573
2009-01-31,184303.99263206404,2.9,2078.91992,1.5,44.86,858.69,77.2854,1.0,0.0,0.0,77.2854
2009-02-28,183308.36870616674,3.1,1929.75,1.0,43.24,943.0,79.1636,1.0,0.0,0.0,79.16359999999997
2009-03-31,182838.6386617694,2.8,1984.17004,0.5,46.84,924.27,77.2405,1.0,0.0,0.0,77.24049999999998
2009-04-30,182894.8024988722,2.3,2173.06006,0.5,50.85,890.2,79.1196,1.0,0.0,0.0,79.11959999999998
2009-05-31,182952.49158399375,2.1,2252.63989,0.5,57.94,928.65,80.6503,1.0,0.0,0.0,80.65029999999997
2009-06-30,183011.70591713404,1.7,2172.08008,0.5,68.62,945.67,84.1938,1.0,0.0,0.0,84.19380000000001
2009-07-31,183072.4454982932,1.6,2353.46997,0.5,64.91,934.23,83.7774,0.0,0.0,0.0,83.77739999999999
2009-08-31,183168.2962698631,1.4,2520.65991,0.5,72.5,949.38,83.6604,0.0,0.0,0.0,83.66039999999997
2009-09-30,183299.25823184362,1.0,2634.79004,0.5,67.69,996.59,81.3429,0.0,0.0,0.0,81.34289999999999
2009-10-31,183465.33138423495,1.2,2584.59009,0.5,73.19,1043.16,79.5606,0.0,0.0,0.0,79.56060000000002
2009-11-30,183750.85113415652,1.5,2648.42993,0.5,77.04,1127.04,81.1217,0.0,0.0,0.0,81.12170000000003
2009-12-31,184155.81748160845,2.1,2760.80005,0.5,74.67,1134.72,80.4836,0.0,0.0,0.0,80.4836
2010-01-31,184680.23042659072,2.6,2660.48999,0.5,76.37,1117.96,81.0263,0.0,0.0,0.0,81.02630000000002
2010-02-28,185301.66084289327,2.1,2736.80005,0.5,74.31,1095.41,80.3054,0.0,0.0,0.0,80.30540000000003
2010-03-31,186020.10873051596,2.4,2910.18994,0.5,79.27,1113.34,77.5264,0.0,0.0,0.0,77.52640000000002
2010-04-30,186835.57408945909,2.7,2863.3501,0.5,84.98,1148.69,79.3991,0.0,0.0,0.0,79.3991
2010-05-31,187501.00986210056,2.5,2673.16992,0.5,76.25,1205.43,79.256,0.0,0.0,0.0,79.25599999999997
2010-06-30,188016.41604844035,2.4,2543.46997,0.5,74.84,1232.92,81.0391,0.0,0.0,0.0,81.03910000000003
2010-07-31,188381.79264847861,2.3,2715.36011,0.5,74.74,1192.97,81.4286,0.0,0.0,0.0,81.42859999999997
2010-08-31,188601.54231212923,2.4,2696.71997,0.5,76.69,1215.81,82.6434,0.0,0.0,0.0,82.6434
2010-09-30,188675.66503939213,2.4,2867.58008,0.5,77.79,1270.98,81.2194,0.0,0.0,0.0,81.21940000000001
2010-10-31,188604.16083026727,2.5,2936.1499,0.5,82.92,1342.02,79.5105,0.0,0.0,0.0,79.5105
2010-11-30,188619.4141552856,2.6,2861.61011,0.5,85.67,1369.89,80.9634,0.0,0.0,0.0,80.96340000000001
2010-12-31,188721.42501444713,3.1,3062.8501,0.5,91.8,1390.55,80.4155,0.0,0.0,0.0,80.41549999999997
2011-01-31,188910.1934077519,3.4,3044.27002,0.5,96.29,1360.46,80.715,0.0,0.0,0.0,80.71500000000003
2011-02-28,188992.99045026416,3.7,3106.58008,0.5,103.96,1374.68,81.4918,0.0,0.0,0.0,81.49179999999997
2011-03-31,188969.81614198393,3.5,3067.72998,0.5,114.44,1423.26,80.2508,0.0,0.0,0.0,80.25080000000001
2011-04-30,188840.67048291123,3.8,3155.03003,0.5,123.07,1480.89,79.6607,0.0,0.0,0.0,79.66069999999999
2011-05-31,188828.13120595962,3.8,3121.07007,0.5,114.46,1512.58,79.7731,0.0,0.0,0.0,79.77309999999999
2011-06-30,188932.19831112906,3.6,3096.71997,0.5,113.76,1529.36,78.8754,0.0,0.0,0.0,78.87539999999998
2011-07-31,189152.87179841957,3.8,3026.02002,0.5,116.46,1572.75,78.7589,0.0,0.0,0.0,78.75890000000003
2011-08-31,189239.8863214276,3.9,2800.51001,0.5,110.08,1759.01,79.6334,0.0,0.0,0.0,79.63340000000002
2011-09-30,189193.24188015296,4.5,2654.37988,0.5,110.88,1772.14,79.2594,0.0,0.0,0.0,79.2594
2011-10-31,189012.9384745961,4.3,2860.86011,0.5,109.47,1666.43,79.5319,0.0,0.0,0.0,79.53189999999996
2011-11-30,189222.15876725977,4.1,2835.84009,0.5,110.5,1739.0,80.4724,0.0,0.0,0.0,80.47240000000002
2011-12-31,189820.90275814408,3.7,2857.87988,0.5,107.91,1639.97,80.9046,0.0,0.0,0.0,80.90459999999999
2012-01-31,190809.17044724888,3.2,2932.90991,0.5,111.16,1654.05,81.1127,0.0,0.0,0.0,81.11269999999998
2012-02-29,191303.3595340885,3.1,3043.90991,0.5,119.7,1744.82,80.9911,0.0,0.0,0.0,80.99110000000003
2012-03-31,191303.47001866266,3.1,3002.78003,0.5,124.93,1675.95,81.4148,0.0,0.0,0.0,81.41480000000003
2012-04-30,190809.50190097178,2.8,2984.66992,0.5,120.46,1649.2,82.5667,0.0,0.0,0.0,82.5667
2012-05-31,190856.88344582022,2.5,2767.09009,0.5,110.52,1589.04,83.8068,0.0,0.0,0.0,83.80680000000004
2012-06-30,191445.614653208,2.3,2891.44995,0.5,95.59,1598.76,83.0904,0.0,0.0,0.0,83.0904
2012-07-31,192575.695523135,2.4,2927.27002,0.5,103.14,1594.29,84.0006,0.0,0.0,0.0,84.00059999999998
2012-08-31,193189.19409826555,2.3,2972.62988,0.5,113.34,1630.31,84.0155,0.0,0.0,0.0,84.01550000000003
2012-09-30,193286.11037859958,2.1,2998.86011,0.5,113.38,1744.81,84.2263,0.0,0.0,0.0,84.22630000000001
2012-10-31,192866.4443641372,2.4,3024.3999,0.5,111.97,1746.58,83.6196,0.0,0.0,0.0,83.61959999999999
2012-11-30,192665.4445874187,2.4,3065.30005,0.5,109.71,1721.64,83.6808,0.0,0.0,0.0,83.68080000000002
2012-12-31,192683.11104844412,2.4,3093.40991,0.5,109.68,1684.76,83.58,0.0,0.0,0.0,83.58
2013-01-31,192919.4437472135,2.4,3287.37988,0.5,112.97,1671.85,82.1724,0.0,0.0,0.0,82.1724
2013-02-28,193226.19411149574,2.5,3349.38989,0.5,116.52,1627.57,79.7012,0.0,0.0,0.0,79.70119999999999
2013-03-31,193603.36214129077,2.5,3380.63989,0.5,109.24,1593.09,79.0951,0.0,0.0,0.0,79.09510000000003
2013-04-30,194050.94783659876,2.2,3390.17993,0.5,102.88,1487.86,80.1289,0.0,0.0,0.0,80.12890000000003
2013-05-31,194525.88338297667,2.4,3473.82007,0.5,103.03,1414.03,80.4286,0.0,0.0,0.0,80.42860000000002
2013-06-30,195028.16878042452,2.6,3289.70996,0.5,103.11,1343.35,80.9967,0.0,0.0,0.0,80.99670000000002
2013-07-31,195557.80402894237,2.5,3509.93994,0.5,107.72,1285.52,79.9698,0.0,0.0,0.0,79.96979999999999
2013-08-31,196040.85981936508,2.4,3410.42993,0.5,110.96,1351.74,80.9894,0.0,0.0,0.0,80.98940000000002
2013-09-30,196477.33615169258,2.4,3443.8501,0.5,111.62,1348.6,82.7393,0.0,0.0,0.0,82.73930000000003
2013-10-31,196867.23302592503,2.0,3585.32007,0.5,109.48,1316.58,82.6676,0.0,0.0,0.0,82.66759999999998
2013-11-30,197302.78247503933,1.9,3548.44995,0.5,108.08,1275.86,83.5617,0.0,0.0,0.0,83.56169999999997
2013-12-31,197783.98449903552,1.9,3609.62988,0.5,110.67,1221.51,84.4204,0.0,0.0,0.0,84.42039999999997
2014-01-31,198310.83909791353,1.8,3496.51001,0.5,107.42,1244.27,85.4222,0.0,0.0,0.0,85.42220000000002
2014-02-28,198883.42342419783,1.6,3666.65991,0.5,108.81,1299.58,85.7378,0.0,0.0,0.0,85.73779999999996
2014-03-31,199501.7374778886,1.5,3555.59009,0.5,107.4,1336.08,85.5269,0.0,0.0,0.0,85.52690000000003
2014-04-30,200165.78125898552,1.7,3619.83008,0.5,107.79,1298.45,86.1716,0.0,0.0,0.0,86.1716
2014-05-31,200784.9562600207,1.5,3655.01001,0.5,109.68,1288.74,86.8395,0.0,0.0,0.0,86.83950000000004
2014-06-30,201359.26248099393,1.8,3600.18994,0.5,111.87,1279.1,87.6795,0.0,0.0,0.0,87.67949999999998
2014-07-31,201888.69992190544,1.6,3585.62012,0.5,106.98,1310.59,88.7387,0.0,0.0,0.0,88.7387
2014-08-31,202407.7843407043,1.5,3639.54004,0.5,101.92,1295.13,87.7645,0.0,0.0,0.0,87.7645
2014-09-30,202916.51573739032,1.3,3533.92993,0.5,97.34,1236.55,87.5039,0.0,0.0,0.0,87.5039
2014-10-31,203414.89411196375,1.3,3503.45996,0.5,87.27,1222.49,87.3534,0.0,0.0,0.0,87.3534
2014-11-30,203783.31812163422,1.1,3593.32007,0.5,78.44,1175.33,86.9781,0.0,0.0,0.0,86.97810000000001
2014-12-31,204021.78776640183,0.7,3532.73999,0.5,62.33,1200.62,87.5084,0.0,0.0,0.0,87.50840000000002
2015-01-31,204130.30304626637,0.5,3621.81006,0.5,48.07,1250.75,87.7208,0.0,0.0,0.0,87.72080000000001
2015-02-28,204328.70458153274,0.4,3744.26001,0.5,57.93,1227.08,90.0423,0.0,0.0,0.0,90.04229999999997
2015-03-31,204616.99237220088,0.3,3663.58008,0.5,55.79,1178.63,90.3732,0.0,0.0,0.0,90.37319999999998
2015-04-30,204995.16641827076,0.3,3760.06006,0.5,59.39,1198.93,90.1297,0.0,0.0,0.0,90.12970000000001
2015-05-31,205312.08511608507,0.4,3797.12012,0.5,64.56,1198.63,91.295,0.0,0.0,0.0,91.29500000000002
2015-06-30,205567.748465644,0.3,3570.58008,0.5,62.34,1181.5,92.0894,0.0,0.0,0.0,92.08940000000003
2015-07-31,205762.15646694734,0.5,3652.79004,0.5,55.87,1128.31,93.284,0.0,0.0,0.0,93.284
2015-08-31,206054.89111706277,0.4,3434.65991,0.5,46.99,1117.93,93.4381,0.0,0.0,0.0,93.43810000000003
2015-09-30,206445.95241599003,0.2,3335.91992,0.5,47.24,1124.77,91.8012,0.0,0.0,0.0,91.8012
2015-10-31,206935.34036372966,0.2,3484.6001,0.5,48.12,1159.25,91.5605,0.0,0.0,0.0,91.56049999999998
2015-11-30,207348.18207786736,0.4,3492.12988,0.5,44.42,1086.44,93.3405,0.0,0.0,0.0,93.3405
2015-12-31,207684.4775584031,0.5,3444.26001,0.5,37.72,1075.74,91.5012,0.0,0.0,0.0,91.50119999999995
2016-01-31,207944.22680533695,0.6,3335.8999,0.5,30.8,1097.91,88.4527,0.0,0.0,0.0,88.45270000000001
2016-02-29,208325.74401306763,0.6,3345.84009,0.5,33.2,1199.5,86.6592,0.0,0.0,0.0,86.6592
2016-03-31,208829.0291815953,0.8,3395.18994,0.5,39.07,1245.14,85.7468,0.0,0.0,0.0,85.74679999999996
2016-04-30,209454.08231091965,0.7,3421.69995,0.5,42.25,1242.26,84.927,0.0,0.0,0.0,84.92699999999999
2016-05-31,209944.03386006097,0.7,3429.77002,0.5,47.13,1260.95,86.6549,0.0,0.0,0.0,86.65490000000003
2016-06-30,210298.88382901927,0.8,3515.44995,0.5,48.48,1276.4,84.9238,0.0,0.0,0.0,84.92379999999999
2016-07-31,210518.63221779445,0.9,3653.83008,0.5,45.07,1336.66,79.3772,0.0,0.0,0.0,79.37720000000003
2016-08-31,210803.84515164234,1.0,3697.18994,0.25,46.14,1340.17,78.3606,0.0,0.0,0.0,78.36060000000003
2016-09-30,211154.52263056306,1.3,3755.34009,0.25,46.19,1326.61,78.6799,0.0,0.0,0.0,78.6799
2016-10-31,211570.6646545565,1.3,3768.13989,0.25,49.73,1266.55,74.6939,0.0,0.0,0.0,74.69390000000003
2016-11-30,212094.70166963752,1.5,3692.3999,0.25,46.44,1238.35,76.6855,0.0,0.0,0.0,76.68549999999998
2016-12-31,212726.6336758061,1.8,3873.21997,0.25,54.07,1157.36,78.2758,0.0,0.0,0.0,78.2758
2017-01-31,213466.46067306236,1.9,3858.26001,0.25,54.89,1192.1,76.9968,0.0,0.0,0.0,76.99679999999996
2017-02-28,214167.32191757963,2.3,3953.41992,0.25,55.49,1234.2,77.5824,0.0,0.0,0.0,77.58240000000002
2017-03-31,214829.21740935792,2.3,3990.0,0.25,51.97,1231.42,76.5394,0.0,0.0,0.0,76.53939999999997
2017-04-30,215452.1471483973,2.6,3962.48999,0.25,52.98,1266.88,78.1826,0.0,0.0,0.0,78.1826
2017-05-31,216004.76922185914,2.7,4116.08008,0.25,50.87,1246.04,78.6033,0.0,0.0,0.0,78.6033
2017-06-30,216487.0836297435,2.6,4002.17993,0.25,46.89,1260.26,77.0338,0.0,0.0,0.0,77.0338
2017-07-31,216899.09037205027,2.6,4046.19995,0.25,48.69,1236.84,76.9781,0.0,0.0,0.0,76.9781
2017-08-31,217410.0242785893,2.7,4072.97998,0.25,51.37,1283.04,75.512,0.0,0.0,0.0,75.512
2017-09-30,218019.88534936047,2.8,4049.88989,0.25,55.16,1314.07,77.1685,0.0,0.0,0.0,77.1685
2017-10-31,218728.673584364,2.8,4117.68994,0.5,57.62,1279.51,77.2734,0.0,0.0,0.0,77.27340000000002
2017-11-30,219165.6154548419,2.8,4033.84009,0.5,62.57,1281.9,77.5702,0.0,0.0,0.0,77.57019999999999
2017-12-31,219330.7109607941,2.7,4221.81982,0.5,64.21,1264.45,78.2371,0.0,0.0,0.0,78.2371
2018-01-31,219223.96010222076,2.7,4137.66016,0.5,68.99,1331.3,78.8788,0.0,0.0,0.0,78.8788
2018-02-28,219214.55231091188,2.5,3981.61011,0.5,65.42,1330.73,78.976,0.0,0.0,0.0,78.97600000000001
2018-03-31,219302.4875868673,2.3,3894.16992,0.5,66.45,1324.66,79.1846,0.0,0.0,0.0,79.18459999999997
2018-04-30,219487.76593008725,2.2,4127.68018,0.5,71.63,1334.76,80.1781,0.0,0.0,0.0,80.17809999999997
2018-05-31,219711.26106832683,2.3,4222.2002,0.5,76.65,1303.45,78.7088,0.0,0.0,0.0,78.70879999999997
2018-06-30,219972.97300158598,2.3,4202.25,0.5,75.19,1281.57,78.3785,0.0,0.0,0.0,78.37849999999999
2018-07-31,220272.9017298647,2.3,4253.31006,0.75,74.44,1237.71,78.0847,0.0,0.0,0.0,78.08469999999997
2018-08-31,220458.7076145359,2.4,4106.14014,0.75,73.13,1201.71,77.2717,0.0,0.0,0.0,77.27169999999998
2018-09-30,220530.39065559956,2.2,4127.91016,0.75,78.86,1198.39,78.0533,0.0,0.0,0.0,78.0533
2018-10-31,220487.95085305566,2.2,3904.22998,0.75,80.47,1215.39,78.5322,0.0,0.0,0.0,78.53220000000002
2018-11-30,220641.377762628,2.2,3823.34009,0.75,65.17,1220.65,78.206,0.0,0.0,0.0,78.20599999999997
2018-12-31,220990.67138431643,2.0,3675.06006,0.75,56.46,1250.4,76.6121,0.0,0.0,0.0,76.61210000000001
2019-01-31,221535.8317181213,1.8,3825.62012,0.75,59.27,1291.75,77.6955,0.0,0.0,0.0,77.69549999999998
2019-02-28,221884.24801298158,1.8,3888.81006,0.75,64.13,1320.07,78.7125,0.0,0.0,0.0,78.71249999999999
2019-03-31,222035.9202688972,1.8,3978.28003,0.75,66.41,1300.9,79.8123,0.0,0.0,0.0,79.81229999999998
2019-04-30,221990.84848586845,2.0,4067.97998,0.75,71.2,1285.91,79.3349,0.0,0.0,0.0,79.33489999999999
2019-05-31,222205.19417570985,1.9,3923.87012,0.75,70.53,1283.7,78.6894,0.0,0.0,0.0,78.68939999999999
2019-06-30,222678.9573384216,1.9,4056.87988,0.75,63.3,1359.04,77.09,0.0,0.0,0.0,77.09000000000003
2019-07-31,223412.13797400348,2.0,4134.02979,0.75,64.0,1412.89,75.9993,0.0,0.0,0.0,75.99930000000002
2019-08-31,223673.07965239635,1.7,3953.02002,0.75,59.25,1500.41,74.7728,0.0,0.0,0.0,74.7728
2019-09-30,223461.78237360017,1.7,4061.73999,0.75,62.33,1510.58,76.5203,0.0,0.0,0.0,76.52029999999998
2019-10-31,222778.24613761518,1.5,3993.45996,0.75,59.37,1494.81,78.1351,0.0,0.0,0.0,78.13509999999998
2019-11-30,223170.4274754076,1.5,4066.72998,0.75,62.74,1470.79,79.508,0.0,0.0,0.0,79.50799999999998
2019-12-31,224638.32638697737,1.4,4196.47021,0.75,65.85,1479.13,80.5654,0.0,0.0,0.0,80.56539999999998
2020-01-31,227181.9428723247,1.8,4057.46997,0.75,63.6,1560.67,80.2723,0.0,0.0,0.0,80.27230000000003
2020-02-29,220476.3898394181,1.7,3673.61011,0.1,55.0,1597.1,80.5924,0.0,0.0,0.0,80.5924
2020-03-31,204521.6672882574,1.5,3107.41992,0.1,32.98,1591.93,76.8163,0.0,0.0,0.0,76.81630000000003
2020-04-30,179317.7752188428,0.9,3262.51001,0.1,23.34,1683.17,78.1014,0.0,1.0,0.0,78.1014
2020-05-31,169117.47078735707,0.7,3363.66992,0.1,31.02,1715.91,77.1593,0.0,1.0,0.0,77.1593
2020-06-30,173920.7539938001,0.8,3410.92993,0.1,39.93,1732.22,76.943,0.0,1.0,0.0,76.94299999999997
2020-07-31,193727.62483817196,1.1,3282.02002,0.1,42.81,1846.51,76.9657,0.0,1.0,0.0,76.96570000000001
2020-08-31,206126.62392063602,0.5,3342.43994,0.1,44.26,1968.63,78.1707,0.0,1.0,0.0,78.1707
2020-09-30,211117.75124119205,0.7,3282.25,0.1,41.09,1921.92,77.2252,0.0,1.0,0.0,77.22520000000002
2020-10-31,208701.0067998404,0.9,3151.27002,0.1,40.47,1900.27,77.4358,0.0,1.0,0.0,77.43579999999999
2020-11-30,206403.56558962213,0.6,3542.87012,0.1,43.23,1866.3,78.2617,0.0,1.0,0.0,78.2617
2020-12-31,204225.42761053733,0.8,3673.62988,0.1,49.87,1858.42,78.07,0.0,1.0,0.0,78.07000000000001
2021-01-31,202166.5928625859,0.9,3641.92993,0.1,54.55,1866.98,79.0543,0.0,1.0,0.0,79.05429999999998
2021-02-28,203193.18952865855,0.7,3702.3999,0.1,61.96,1808.17,80.6235,0.0,1.0,0.0,80.62349999999998
2021-03-31,207305.21760875545,1.0,3831.05005,0.1,65.19,1718.23,81.6684,0.0,1.0,0.0,81.66839999999998
2021-04-30,214502.67710287627,1.6,3983.8501,0.1,64.77,1760.04,81.3903,0.0,0.0,0.0,81.39029999999997
2021-05-31,219285.78414924926,2.1,4016.12988,0.1,68.04,1850.26,81.9512,0.0,0.0,0.0,81.95120000000003
2021-06-30,221654.53874787438,2.4,4014.73999,0.1,73.07,1834.57,82.0091,0.0,0.0,0.0,82.00909999999998
2021-07-31,221608.94089875167,2.1,4030.23999,0.1,74.39,1807.84,81.8075,0.0,0.0,0.0,81.8075
2021-08-31,222015.33576240714,3.0,4109.95996,0.1,70.02,1785.28,81.9528,0.0,0.0,0.0,81.95279999999997
2021-09-30,222873.72333884097,2.9,4058.95996,0.1,74.6,1775.14,81.5371,0.0,0.0,0.0,81.53709999999998
2021-10-31,224184.1036280529,3.8,4129.16016,0.1,83.65,1776.85,82.0223,0.0,0.0,0.0,82.02229999999999
2021-11-30,225293.6209793161,4.6,4025.87012,0.25,80.77,1821.76,81.45,0.0,0.0,0.0,81.44999999999997
2021-12-31,226202.27539263084,4.8,4208.02002,0.25,74.31,1790.43,81.3767,0.0,0.0,0.0,81.37670000000001
2022-01-31,226910.0668679968,4.9,4191.81006,0.5,85.53,1816.02,82.6862,0.0,0.0,0.0,82.68619999999997
2022-02-28,227536.2145858407,5.5,4157.77002,0.75,95.76,1856.3,82.5525,0.0,0.0,0.0,82.55250000000002
2022-03-31,228080.71854616256,6.2,4187.77979,0.75,115.59,1947.83,81.7705,0.0,0.0,0.0,81.77050000000001
2022-04-30,228543.57874896255,7.8,4185.12012,1.0,105.78,1936.86,81.2548,0.0,0.0,0.0,81.25480000000002
2022-05-31,228835.3597379407,7.9,4201.95996,1.25,112.37,1848.5,79.8982,0.0,0.0,0.0,79.8982
2022-06-30,228956.06151309694,8.2,3940.8999,1.25,120.08,1836.57,79.3372,0.0,0.0,0.0,79.3372
2022-07-31,228905.68407443166,8.8,4107.00977,1.75,108.92,1732.74,78.9371,0.0,0.0,0.0,78.9371
2022-08-31,228971.07665894166,8.6,4007.45996,2.25,98.6,1764.56,79.1091,0.0,0.0,0.0,79.10910000000003
2022-09-30,229152.23926662677,8.8,3763.47998,2.25,90.16,1680.78,76.3557,0.0,0.0,0.0,76.35569999999997
2022-10-31,229449.17189748728,9.6,3876.47998,3.0,93.13,1664.45,77.0071,0.0,0.0,0.0,77.00709999999997
2022-11-30,229640.77613208684,9.3,4139.6499,3.5,91.07,1725.07,78.1435,0.0,0.0,0.0,78.14350000000002
2022-12-31,229727.05197042564,9.2,4075.12988,3.5,80.9,1797.55,79.0398,0.0,0.0,0.0,79.0398
2023-01-31,229707.99941250344,8.8,4255.72021,4.0,83.09,1897.71,78.3054,0.0,0.0,0.0,78.30540000000003
2023-02-28,229723.7367136453,9.2,4304.47998,4.25,82.71,1854.54,77.826,0.0,0.0,0.0,77.82599999999998
2023-03-31,229774.2638738512,8.9,4157.87988,4.25,78.53,1912.73,78.3284,0.0,0.0,0.0,78.32839999999999
2023-04-30,229859.5808931212,7.8,4283.83008,4.5,84.11,1999.77,79.3518,0.0,0.0,0.0,79.35180000000001
2023-05-31,229858.97447809787,7.9,4066.80005,5.0,75.7,1992.13,80.1545,0.0,0.0,0.0,80.15450000000001
2023-06-30,229772.4446287811,7.3,4096.25977,5.0,74.89,1942.9,81.7696,0.0,0.0,0.0,81.7696
2023-07-31,229599.9913451713,6.4,4198.02002,5.25,80.1,1951.02,82.683,0.0,0.0,0.0,82.68299999999996
2023-08-31,229316.63451539035,6.3,4059.53003,5.25,86.16,1918.7,82.4125,0.0,0.0,0.0,82.41250000000002
2023-09-30,228922.37413943833,6.3,4127.24023,5.25,94.0,1915.95,81.5015,0.0,0.0,0.0,81.50149999999996
2023-10-31,228417.21021731527,4.7,3954.3501,5.25,91.06,1916.25,80.5855,0.0,0.0,0.0,80.58550000000002
2023-11-30,228385.01157379805,4.2,4053.80005,5.25,83.18,1984.11,81.1428,0.0,0.0,0.0,81.14279999999998
2023-12-31,228825.7782088868,4.2,4232.00977,5.25,77.86,2026.18,81.8621,0.0,0.0,0.0,81.86210000000001
2024-01-31,229739.51012258165,4.2,4173.06006,5.25,80.23,2034.04,82.3558,0.0,0.0,0.0,82.35579999999999
2024-02-29,230510.06050906912,3.8,4163.20996,5.25,83.76,2023.24,82.481,0.0,0.0,0.0,82.48099999999997
2024-03-31,231137.42936834935,3.8,4338.0498,5.25,85.45,2158.01,82.8808,0.0,0.0,0.0,82.88080000000002
2024-04-30,231621.6167004222,3.0,4430.25,5.25,90.05,2331.45,82.4444,0.0,0.0,0.0,82.44440000000003
2024-05-31,231974.70100812378,2.8,4517.08008,5.25,82.0,2351.13,82.8685,0.0,0.0,0.0,82.86849999999998
2024-06-30,232196.68229145402,2.8,4451.91992,5.25,82.56,2326.44,83.5371,0.0,0.0,0.0,83.53709999999998
2024-07-31,232287.56055041324,3.1,4588.31006,5.0,85.3,2398.2,84.2913,0.0,0.0,0.0,84.29130000000002
2024-08-31,232382.85970234315,3.1,4576.72998,5.0,80.86,2470.15,83.7316,0.0,0.0,0.0,83.73160000000003
2024-09-30,232482.57974724384,2.6,4511.0,5.0,74.29,2570.55,84.9421,0.0,0.0,0.0,84.9421
2024-10-31,232586.72068511575,3.2,4431.83008,4.75,75.66,2690.08,84.8868,0.0,0.0,0.0,84.88679999999998
2024-11-30,232880.71540574695,3.5,4524.87988,4.75,74.4,2651.13,84.3938,0.0,0.0,0.0,84.3938
2024-12-31,233364.56390913742,3.5,4467.7998,4.75,73.83,2648.01,84.5224,0.0,0.0,0.0,84.52240000000002
2025-01-31,234038.26619528746,3.9,4710.58008,4.5,79.21,2709.69,85.9161,0.0,0.0,0.0,85.91610000000001
2025-02-28,234542.49212035938,3.7,4754.31982,4.5,75.16,2894.73,86.8391,0.0,0.0,0.0,86.83910000000004
2025-03-31,234877.2416843532,3.4,4623.62012,4.5,72.57,2983.25,84.8896,0.0,0.0,0.0,84.88960000000002
2025-04-30,235042.514887269,3.5,4594.0498,4.25,67.75,3217.64,84.6692,0.0,0.0,0.0,84.6692
2025-05-31,235152.6970225462,3.4,4759.54004,4.25,64.21,3309.49,85.6975,0.0,0.0,0.0,85.6975
2025-06-30,235207.78809018477,3.6,4772.77979,4.25,71.45,3352.66,85.9689,0.0,0.0,0.0,85.96890000000002
